801876079,MENDY,HUNG,7975 COLQUITT RD,PONTO LAKE,56474
406223434,WEN,PENNER,8925 LELAND PKWY,MINN,55440
935150776,AURORE,KIEL,2451 ABSHER PKWY,BALATON,56115
804487108,AVERY,CLAYCOMB,5455 NEVINS AVE,STACY,55079
731292185,TREASA,MARCHETTI,9385 MANZANARES BLVD,FARDEN,56633
846661075,JOANNIE,MENEFEE,4350 HERTEL RD,JACOBSON,55752
840357451,GREGORY,RIENDEAU,9457 MARROW RD,ST ANTHONY VILLAGE,55421
590243043,KRISSY,RICHERSON,4569 SHOULDERS BLVD,GILMAN,56333
642084802,CHERY,BIGGERS,8990 STRAHAN ST,MAPLE PLAIN,55593
406320855,YASMINE,LINES,2569 AUBIN RD,WEST UNION,56378
854349374,MICA,HERSHEY,6661 KNEPPER PKWY,KELLOGG,55945
183229836,CLORINDA,VUONG,498 HUDNALL PKWY,MINNEAPOLIS,55406
969628550,JACINDA,WALLEY,4329 DUDEK PKWY,VERMILION DAM,55771
211471283,REYNALDA,PILLOW,7778 BARBIERI RD,MINNEAPOLIS,55470
935075668,BLOSSOM,ANDINO,3045 LIPSEY AVE,FDCI,56399
643180102,BERNARDINE,FOXWORTH,5276 DIEGO BLVD,SAINT PAUL,55187
968576745,MILDA,CORUM,9422 TYNES ST,MINNESOTA LK,56068
456462927,YASMINE,LIPSEY,4183 CANCEL ST,ALMORA,56551
362170285,JALISA,CLARE,1035 TO RD,GOODVIEW,55987
703782023,MARIKO,KOWALCZYK,1235 DUDEK ST,IRON,55751
222743521,MIKI,MCSHANE,2220 KIEL PKWY,ROCHERT,56578
169266259,TAISHA,TEASLEY,2525 VANEGAS BLVD,ECHO,56237
699061261,KARENA,STANDRIDGE,9801 LOWTHER ST,ALDEN,56009
715973879,SHANTELLE,REVELL,4308 RISLEY RD,BAGLEY,56621
976554502,LALA,RIDENHOUR,2896 ALBIN RD,MENDOTA HTS,55120
102998729,DOMINICA,ALBIN,3270 GALLEGO RD,HAUGEN,55787
207575842,RHONA,SWAREY,9537 TARTER PKWY,O BRIEN,56667
701397724,TOMIKO,HUTH,5703 ANDRESS RD,ZERKEL,56621
410981823,ARIANNE,WINE,7493 GLIDEWELL AVE,HOLST,56652
525322350,MARAGRET,CIMINO,4331 SQUIRE ST,NORWOOD YOUNG AMERIC,55473
151878613,KA,MULVEY,1006 GEBHART RD,SUNRISE,55056
419403354,CREOLA,CORUM,3081 RICHERSON BLVD,GARFIELD,56332
16937946,YULANDA,LOWTHER,7174 HERSHEY ST,FRANCONIA,55074
581993933,GIANNA,LAFAVE,5933 JAWORSKI RD,UTICA,55979
827424168,IVELISSE,PAULUS,5253 RISINGER RD,MAPLEWOOD,55144
85115382,ROXY,LENHART,4444 KNISLEY ST,DULUTH,55801
424976768,BECKI,DAHLGREN,3198 RABE PKWY,ALMELUND,55002
911602926,MAILE,SESSION,8557 LESHER RD,RENO,55919
796053098,WILLIEMAE,RENSHAW,3823 BROWNFIELD BLVD,WARBA,55793
480705405,KENDA,GALLEGO,1971 TOLLE ST,MILACA,56353
447598208,APOLONIA,JOUBERT,1854 FASSETT PKWY,SAUM,56650
715174459,JACELYN,STCYR,6934 LAUDERDALE ST,MAPLE PLAIN,55576
360260254,MELDA,MULVEY,9501 LENHART ST,LAMOILLE,55987
156376760,CREOLA,BIGGERS,4027 COLQUITT PKWY,NOWTHEN,55330
370816642,LALA,REVELL,4492 MCCREADY ST,MINNEAPOLIS,55433
976554502,LALA,RIDENHOUR,2896 ALBIN RD,MENDOTA HTS,55120
426335146,PAULENE,CARLEY,4729 MOYNIHAN ST,SILICA,55746
968788518,YURI,DUSTIN,3001 SCHUTT ST,DOVRAY,56125
867948555,SHANTELLE,TEDFORD,1019 JAHNKE BLVD,WACONIA,55387
949638481,TERISA,BULLER,808 BLAZER BLVD,NEW GERMANY,55367
539401005,UTE,STAMP,8039 ZITO PKWY,YOUNG AMERICA,55557
250198926,LACHELLE,ABSHER,9569 REVELL ST,YOUNG AMERICA,55551
93015344,MITZIE,BENEDETTO,1461 MARCHETTI PKWY,EYOTA,55934
501124907,MISS,TAVAREZ,70 SASS BLVD,SHOREVIEW,55126
767603881,KANDIS,RIEGER,6388 LAFONTAINE RD,ORLEANS,56735
701397724,TOMIKO,HUTH,5703 ANDRESS RD,ZERKEL,56621
935158398,LATOYIA,COLQUITT,4999 RUEDA PKWY,PRESTON,55965
149590284,TASIA,COLOMBO,8748 HOUSLEY BLVD,DODGE CENTER,55927
727344064,DAINA,FASSETT,8614 LIPSEY PKWY,LEWISTON,55952
320595186,GIANNA,KOWALCZYK,9919 LIPSEY RD,TROSKY,56144
968788518,YURI,DUSTIN,3001 SCHUTT ST,DOVRAY,56125
419405884,BRETT,MAUNEY,5693 RENSHAW PKWY,BIRCH BEACH,56686
204831563,YASUKO,GORDY,4172 MELNICK ST,WING RIVER,56481
642084802,CHERY,BIGGERS,8990 STRAHAN ST,MAPLE PLAIN,55593
525793680,REAGAN,ENDRES,9652 TYNES RD,MACVILLE,55785
699061261,KARENA,STANDRIDGE,9801 LOWTHER ST,ALDEN,56009
34796783,LATRISHA,WIGGS,3596 NEVINS RD,NEVIS,56467
564068468,MARLINE,BACKER,8517 DUDEK BLVD,SAINT PAUL,55128
833517553,SAU,TAVAREZ,3493 LAFONTAINE ST,KILKENNY,56052
988498289,LUETTA,LESHER,4838 CLARE PKWY,STUNTZ,55746
989248896,DOMINICA,BLACKMORE,373 LIPSEY RD,NORWOOD YOUNG AMERIC,55553
516133562,GAYNELLE,GLIDEWELL,1251 REVELL AVE,ELMORE,56027
574128035,ALEASE,CANCEL,7292 MCKINZIE AVE,DENNISON,55018
125859470,SHARIE,CANCEL,8562 MCGAHA BLVD,CUSSON,55771
30358242,JOANNIE,ALBIN,9765 MCGAHA PKWY,BEAR LAKE,55723
330287180,JAYMIE,HOUSLEY,3440 PAULUS ST,PUPOSKY,56667
910850002,JOSPHINE,KOWALCZYK,2239 RODRIQUES ST,SARATOGA,55972
902727979,JANEE,DUSTIN,8720 TELLES ST,SAINT LOUIS PARK,55416
512299024,THORA,KNISLEY,834 MCCOMB ST,STANCHFIELD,55080
